No,Atom,n,n+1,n-1,fk+,fk-,fk0
1,C,-0.138112,0.238619,0.116258,0.37673100000000004,-0.25437,0.0611805
2,C,-0.138114,0.238617,0.116262,0.376731,-0.254376,0.061177499999999996
3,H,0.138112,0.261381,-0.616259,0.12326899999999996,0.754371,0.43882
4,H,0.138113,0.261383,-0.616261,0.12326999999999996,0.754374,0.43882199999999993
