No,Atom,n,n+1,n-1,fk+,fk-,fk0
1,N,-0.8483,-0.47037,-0.99332,0.37793000000000004,0.14501999999999993,0.261475
2,C,0.44025,0.48753,0.44453,0.047280000000000044,-0.004280000000000006,0.02150000000000002
3,N,-0.39043,0.05919,-0.54658,0.44962,0.15614999999999996,0.30288499999999996
4,H,0.39925,0.46184,0.04744,0.06258999999999998,0.35181,0.2072
5,H,0.39922,0.46181,0.04792,0.06258999999999998,0.3513,0.206945
