No,Atom,n,n+1,n-1,fk+,fk-,fk0
1,C,-0.217778,-0.128194,-0.411918,0.089584,0.19414,0.141862
2,C,0.00771,0.029778,-0.033477,0.022067999999999997,0.041187,0.0316275
3,N,0.266899,0.309998,0.196137,0.043099,0.07076199999999999,0.056930499999999995
4,O,-0.295826,0.036817,-0.494428,0.33264299999999997,0.198602,0.2656225
5,O,-0.27988,0.045272,-0.501074,0.325152,0.221194,0.273173
6,H,0.16441,0.246701,0.060136,0.082291,0.104274,0.0932825
7,H,0.185918,0.225592,0.110474,0.03967399999999999,0.075444,0.05755899999999999
8,H,0.168548,0.234037,0.07415,0.06548899999999999,0.09439800000000001,0.0799435
