No,Atom,n,n+1,n-1,fk+,fk-,fk0
1,N,-0.65165,-0.34367,-0.76755,0.30798,0.1159,0.21194
2,C,0.23961,0.18991,0.00468,-0.049699999999999994,0.23493,0.092615
3,S,-0.01499,0.67531,-0.45497,0.6902999999999999,0.43998,0.56514
4,H,0.42703,0.47845,0.21784,0.051419999999999966,0.20919000000000001,0.130305
