No,Atom,n,n+1,n-1,fk+,fk-,fk0
1,C,-0.103409,0.096035,-0.387976,0.199444,0.284567,0.24200549999999998
2,C,-0.103453,0.096025,-0.388022,0.199478,0.28456899999999996,0.2420235
3,C,0.267993,0.297481,0.230949,0.029488000000000014,0.037043999999999994,0.033266000000000004
4,O,-0.348451,0.008406,-0.482405,0.35685700000000004,0.13395399999999996,0.2454055
5,H,0.143659,0.251024,0.013726,0.10736500000000002,0.12993300000000002,0.11864900000000002
6,H,0.143662,0.251029,0.013727,0.10736699999999999,0.12993500000000002,0.118651
