No,Atom,n,n+1,n-1,fk+,fk-,fk0
1,N,-0.412901,-0.108431,-0.476775,0.30447,0.06387399999999999,0.184172
2,N,-0.136075,-0.06972,-0.31683,0.066355,0.180755,0.123555
3,C,-0.162197,0.061079,-0.465544,0.223276,0.30334700000000003,0.26331150000000003
4,H,0.259895,0.355092,0.169558,0.09519700000000003,0.090337,0.09276700000000002
5,H,0.22756,0.313214,0.141707,0.08565399999999998,0.08585300000000001,0.0857535
6,H,0.130412,0.245737,-0.002526,0.11532500000000001,0.132938,0.1241315
7,H,0.093305,0.203029,-0.04959,0.10972399999999999,0.142895,0.1263095
