No,Atom,n,n+1,n-1,fk+,fk-,fk0
1,C,-0.3242,-0.20937,-0.61481,0.11482999999999999,0.29061,0.20271999999999998
2,C,-0.40839,-0.42135,-0.58417,-0.012960000000000027,0.17578,0.08140999999999998
3,S,1.3999,1.58292,1.22214,0.18302000000000018,0.17775999999999992,0.18039000000000005
4,O,-0.88188,-0.7844,-0.93976,0.09748000000000001,0.05788000000000004,0.07768000000000003
5,O,-0.90764,-0.46134,-1.00651,0.44630000000000003,0.09887000000000001,0.272585
6,H,0.20206,0.26024,0.15418,0.05818000000000004,0.04787999999999998,0.05303000000000001
7,H,0.21432,0.23957,0.18418,0.025249999999999995,0.03014,0.027694999999999997
8,H,0.22267,0.26912,0.18241,0.04645000000000002,0.04026000000000002,0.04335500000000002
9,H,0.48317,0.52462,0.40234,0.04144999999999999,0.08083000000000001,0.06114
