No,Atom,n,n+1,n-1,fk+,fk-,fk0
1,C,0.08574,0.54793,-0.483,0.46219000000000005,0.56874,0.5154650000000001
2,N,-0.30693,0.15672,-0.67412,0.46365,0.36719000000000007,0.41542
3,H,0.22119,0.29535,0.15712,0.07416,0.06406999999999999,0.069115
