No,Atom,n,n+1,n-1,fk+,fk-,fk0
1,C,-0.26271,-0.12633,-0.60953,0.13638,0.34682,0.2416
2,C,-0.35371,-0.35513,-0.5104,-0.0014199999999999768,0.15668999999999994,0.07763499999999998
3,C,0.81123,0.80358,0.70539,-0.007650000000000046,0.10584000000000005,0.049095
4,O,-0.57595,-0.00981,-0.73324,0.56614,0.15729000000000004,0.361715
5,O,-0.68464,-0.56575,-0.75172,0.11889000000000005,0.06708000000000003,0.09298500000000004
6,H,0.19387,0.24578,0.14155,0.05191000000000001,0.05231999999999998,0.052114999999999995
7,H,0.21098,0.21683,0.17571,0.005849999999999994,0.035269999999999996,0.020559999999999995
8,H,0.19443,0.26626,0.14195,0.07183,0.05248,0.062155
9,H,0.46651,0.52456,0.44028,0.058050000000000046,0.026229999999999976,0.04214000000000001
