No,Atom,n,n+1,n-1,fk+,fk-,fk0
1,C,-0.225451,-0.094462,-0.421462,0.13098900000000002,0.196011,0.1635
2,C,-0.211159,-0.208733,-0.246633,0.0024260000000000115,0.03547399999999998,0.018949999999999995
3,C,0.200818,0.274698,0.058875,0.07388,0.14194299999999999,0.1079115
4,O,-0.315409,0.068849,-0.505356,0.384258,0.18994700000000003,0.28710250000000004
5,H,0.154477,0.237002,0.042181,0.08252499999999999,0.112296,0.0974105
6,H,0.146945,0.206921,0.050124,0.059976,0.09682099999999999,0.0783985
7,H,0.155515,0.237568,0.048004,0.08205300000000001,0.107511,0.094782
8,H,0.094265,0.278157,-0.025733,0.183892,0.119998,0.151945
