No,Atom,n,n+1,n-1,fk+,fk-,fk0
1,N,-0.50351,-0.230369,-0.347781,0.273141,-0.155729,0.05870600000000001
2,C,0.283485,0.536972,0.299478,0.253487,-0.015993000000000035,0.11874699999999999
3,N,-0.323285,-0.030468,-0.371425,0.292817,0.048140000000000016,0.1704785
4,H,0.27167,0.36194,-0.290283,0.09026999999999996,0.561953,0.3261115
5,H,0.27164,0.361924,-0.289988,0.09028400000000003,0.561628,0.325956
