No,Atom,n,n+1,n-1,fk+,fk-,fk0
1,C,-0.30322,-0.15319,-0.59258,0.15003,0.28936,0.219695
2,C,-0.09627,-0.13451,-0.13423,-0.038239999999999996,0.037959999999999994,-0.00014000000000000123
3,N,0.52905,0.52514,0.42239,-0.003909999999999969,0.10666000000000003,0.05137500000000003
4,O,-0.40204,0.00255,-0.61325,0.40459,0.21120999999999995,0.3079
5,O,-0.38706,-0.00751,-0.61159,0.37955,0.22452999999999995,0.30204
6,H,0.21091,0.26368,0.15832,0.05277000000000004,0.05259,0.05268000000000002
7,H,0.22631,0.23484,0.19973,0.008529999999999982,0.02658000000000002,0.017555
8,H,0.22232,0.26901,0.1712,0.04669000000000004,0.05112,0.04890500000000002
