No,Atom,n,n+1,n-1,fk+,fk-,fk0
1,C,-0.184025,-0.087997,-0.374706,0.09602799999999999,0.190681,0.1433545
2,C,-0.370253,-0.371436,-0.465859,-0.0011829999999999896,0.09560600000000002,0.04721150000000002
3,S,0.821685,1.024788,0.577898,0.20310300000000003,0.24378699999999998,0.223445
4,O,-0.536675,-0.445098,-0.538009,0.09157700000000002,0.0013339999999999463,0.04645549999999998
5,O,-0.554245,-0.19831,-0.644433,0.355935,0.09018800000000005,0.22306150000000002
6,H,0.154113,0.231206,0.054015,0.077093,0.10009799999999999,0.0885955
7,H,0.166889,0.214632,0.087369,0.04774299999999998,0.07952000000000001,0.0636315
8,H,0.194486,0.266971,0.108034,0.07248500000000002,0.08645199999999999,0.0794685
9,H,0.308024,0.365244,0.195691,0.05721999999999999,0.11233300000000002,0.0847765
