No,Atom,n,n+1,n-1,fk+,fk-,fk0
1,C,-0.225441,-0.094434,-0.421473,0.13100699999999998,0.19603199999999998,0.16351949999999998
2,C,-0.211163,-0.20878,-0.246618,0.0023829999999999962,0.035455000000000014,0.018919000000000005
3,C,0.200842,0.274749,0.058895,0.07390700000000003,0.141947,0.10792700000000001
4,O,-0.31542,0.068839,-0.50537,0.38425899999999996,0.18995,0.2871045
5,H,0.154484,0.237005,0.04219,0.08252099999999998,0.112294,0.0974075
6,H,0.146948,0.206929,0.050121,0.05998100000000001,0.096827,0.078404
7,H,0.155506,0.237558,0.047995,0.08205199999999999,0.107511,0.09478149999999999
8,H,0.094245,0.278134,-0.02574,0.183889,0.119985,0.151937
