No,Atom,n,n+1,n-1,fk+,fk-,fk0
1,C,-0.29765,-0.10359,-0.61153,0.19406,0.31388,0.25397000000000003
2,C,-0.29696,-0.32344,-0.38068,-0.026480000000000004,0.08372000000000002,0.028620000000000007
3,C,0.40586,0.40208,0.21464,-0.0037800000000000056,0.19122,0.09372
4,O,-0.51127,-0.00805,-0.72093,0.50322,0.20965999999999996,0.35644
5,H,0.19843,0.25058,0.14608,0.05215000000000003,0.05235000000000001,0.05225000000000002
6,H,0.18635,0.21292,0.14867,0.02657000000000001,0.03767999999999999,0.032125
7,H,0.21365,0.27043,0.1637,0.05678,0.049949999999999994,0.053364999999999996
8,H,0.10159,0.29908,0.04005,0.19749,0.06154,0.129515
