No,Atom,n,n+1,n-1,fk+,fk-,fk0
1,N,-0.62339,-0.2146,-0.70812,0.40879,0.08472999999999997,0.24675999999999998
2,N,-0.22371,-0.19809,-0.47931,0.025620000000000004,0.25560000000000005,0.14061
3,C,-0.18874,0.16874,-0.63421,0.35748,0.44547000000000003,0.401475
4,H,0.37674,0.43323,0.32381,0.056489999999999985,0.05293000000000003,0.05471000000000001
5,H,0.34765,0.40076,0.29139,0.05310999999999999,0.05626000000000003,0.05468500000000001
6,H,0.17594,0.22882,0.12803,0.05287999999999998,0.04791000000000001,0.050394999999999995
7,H,0.13551,0.18114,0.07841,0.045630000000000004,0.0571,0.051365
