No,Atom,n,n+1,n-1,fk+,fk-,fk0
1,C,-0.17332,0.15166,-0.55099,0.32498,0.37766999999999995,0.351325
2,C,-0.17332,0.15166,-0.55099,0.32498,0.37766999999999995,0.351325
3,C,-0.41067,-0.48116,-0.44313,-0.07049,0.032460000000000044,-0.019014999999999976
4,H,0.21232,0.26609,0.15869,0.053769999999999984,0.05363000000000001,0.0537
5,H,0.21232,0.26609,0.15869,0.053769999999999984,0.05363000000000001,0.0537
6,H,0.16631,0.32284,0.11385,0.15653,0.05246000000000001,0.104495
7,H,0.16635,0.3228,0.11387,0.15644999999999998,0.05248,0.10446499999999999
