No,Atom,n,n+1,n-1,fk+,fk-,fk0
1,C,-0.014716,0.286456,-0.373714,0.301172,0.358998,0.33008499999999996
2,C,0.14408,0.3876,-0.026325,0.24352,0.17040500000000003,0.2069625
3,C,-0.054312,0.094363,-0.241098,0.148675,0.186786,0.1677305
4,N,-0.230901,-0.019034,-0.418574,0.211867,0.187673,0.19977
5,H,0.155849,0.250615,0.059712,0.09476599999999999,0.09613699999999999,0.0954515
