No,Atom,n,n+1,n-1,fk+,fk-,fk0
1,C,-0.18889,-0.00619,-0.56021,0.1827,0.37132,0.27701
2,C,-0.18888,-0.00618,-0.56023,0.1827,0.37135,0.277025
3,C,0.51679,0.46986,0.52401,-0.04692999999999997,-0.007220000000000004,-0.027074999999999988
4,O,-0.5781,-0.08382,-0.71604,0.49427999999999994,0.13794000000000006,0.31611
