No,Atom,n,n+1,n-1,fk+,fk-,fk0
1,C,-0.176399,-0.083755,-0.400445,0.092644,0.224046,0.158345
2,C,-0.310374,-0.271486,-0.405011,0.03888799999999998,0.09463700000000003,0.0667625
3,C,0.457822,0.552589,0.351078,0.09476699999999999,0.106744,0.1007555
4,O,-0.346719,0.053679,-0.483436,0.400398,0.13671699999999998,0.2685575
5,O,-0.343258,-0.247982,-0.415775,0.095276,0.072517,0.0838965
6,H,0.147413,0.226106,0.031311,0.07869300000000001,0.11610199999999998,0.0973975
7,H,0.169943,0.205632,0.07527,0.035689,0.09467300000000001,0.065181
8,H,0.136533,0.223383,0.023028,0.08685000000000001,0.113505,0.1001775
9,H,0.265039,0.341833,0.223981,0.07679399999999997,0.04105800000000001,0.05892599999999999
