No,Atom,n,n+1,n-1,fk+,fk-,fk0
1,C,-0.26792,0.07335,-0.62801,0.34126999999999996,0.36008999999999997,0.35068
2,C,-0.31934,-0.07177,-0.53424,0.24757,0.21490000000000004,0.23123500000000002
3,C,0.26587,0.24717,0.25766,-0.018699999999999994,0.008209999999999995,-0.005245
4,N,-0.30834,0.01207,-0.57993,0.32041000000000003,0.27158999999999994,0.296
5,H,0.19844,0.23471,0.14674,0.03627,0.051699999999999996,0.043984999999999996
6,H,0.20057,0.22988,0.15699,0.029310000000000003,0.04358000000000001,0.036445000000000005
7,H,0.23072,0.27458,0.1808,0.04385999999999998,0.04992000000000002,0.04689
