No,Atom,n,n+1,n-1,fk+,fk-,fk0
1,C,-0.07115,0.30304,-0.46769,0.37418999999999997,0.39654,0.38536499999999996
2,C,-0.14732,0.07645,-0.26693,0.22377000000000002,0.11961,0.17169
3,C,0.22384,0.24155,0.10677,0.017709999999999976,0.11707000000000001,0.06738999999999999
4,N,-0.24412,0.0931,-0.5624,0.33722,0.31828,0.32775
5,H,0.23875,0.28585,0.19025,0.0471,0.04849999999999999,0.047799999999999995
