No,Atom,n,n+1,n-1,fk+,fk-,fk0
1,C,-0.29762,-0.10353,-0.61152,0.19408999999999998,0.31389999999999996,0.25399499999999997
2,C,-0.29696,-0.32348,-0.38067,-0.026519999999999988,0.08371,0.02859500000000001
3,C,0.40586,0.40207,0.21465,-0.0037900000000000156,0.19121,0.09370999999999999
4,O,-0.51127,-0.00803,-0.72093,0.50324,0.20965999999999996,0.35645
5,H,0.19843,0.25057,0.14608,0.05214000000000002,0.05235000000000001,0.052245000000000014
6,H,0.18635,0.21292,0.14867,0.02657000000000001,0.03767999999999999,0.032125
7,H,0.21364,0.27041,0.16369,0.05676999999999999,0.049949999999999994,0.05335999999999999
8,H,0.10157,0.29906,0.04004,0.19749,0.061529999999999994,0.12951
