No,Atom,n,n+1,n-1,fk+,fk-,fk0
1,C,-0.193272,-0.005463,-0.423835,0.187809,0.23056300000000002,0.209186
2,C,-0.130534,0.04466,-0.281668,0.17519400000000002,0.15113399999999996,0.16316399999999998
3,C,0.093014,0.214676,-0.015432,0.121662,0.108446,0.115054
4,N,-0.268647,-0.06087,-0.445556,0.20777700000000002,0.17690899999999998,0.19234300000000001
5,H,0.156268,0.263862,0.040544,0.107594,0.115724,0.111659
6,H,0.165239,0.265586,0.057632,0.10034699999999999,0.107607,0.10397699999999999
7,H,0.177931,0.277549,0.068315,0.09961799999999998,0.109616,0.10461699999999999
