No,Atom,n,n+1,n-1,fk+,fk-,fk0
1,C,0.29124,0.32723,-0.25912,0.03599000000000002,0.55036,0.293175
2,O,-0.48484,0.05723,-0.76477,0.54207,0.27992999999999996,0.411
3,H,0.0968,0.30777,0.01195,0.21097,0.08485,0.14790999999999999
4,H,0.0968,0.30777,0.01195,0.21097,0.08485,0.14790999999999999
