No,Atom,n,n+1,n-1,fk+,fk-,fk0
1,C,-0.22508,0.21984,-0.32372,0.44492,0.09864,0.27178
2,C,-0.22508,0.21984,-0.32372,0.44492,0.09864,0.27178
3,H,0.22508,0.28016,-0.17628,0.05508000000000002,0.40136,0.22822
4,H,0.22508,0.28016,-0.17628,0.05508000000000002,0.40136,0.22822
