No,Atom,n,n+1,n-1,fk+,fk-,fk0
1,C,0.095016,0.20366,-0.269002,0.108644,0.364018,0.236331
2,O,-0.280557,0.171683,-0.549874,0.45224,0.269317,0.3607785
3,H,0.092771,0.312329,-0.090562,0.21955800000000003,0.18333300000000002,0.2014455
4,H,0.092771,0.312329,-0.090562,0.21955800000000003,0.18333300000000002,0.2014455
