No,Atom,n,n+1,n-1,fk+,fk-,fk0
1,C,-0.127769,0.099064,-0.385932,0.226833,0.25816300000000003,0.242498
2,C,-0.127771,0.099065,-0.38593,0.22683599999999998,0.258159,0.2424975
3,C,-0.263296,-0.243096,-0.296895,0.020199999999999968,0.033599000000000045,0.026899500000000007
4,H,0.124305,0.23923,-0.003092,0.114925,0.127397,0.121161
5,H,0.124305,0.23923,-0.003091,0.114925,0.127396,0.1211605
6,H,0.135116,0.283271,0.037481,0.14815499999999998,0.09763500000000001,0.122895
7,H,0.135111,0.283235,0.037458,0.148124,0.09765300000000002,0.12288850000000001
